,HEADLINE,IMAGE_LINK,LINK,NEWS
0,"Visiting Maldives again: Remember these Covid guidelines before planning a trip
July 16, 2021 1:20:34 pmAll tourists -- including those who have received both the doses of their Covid vaccine -- must produce a negative RT-PCR test report",https://indianexpress.com/wp-content/plugins/lazy-load/images/1x1.trans.gif,https://indianexpress.com/article/lifestyle/destination-of-the-week/visiting-maldives-covid-guidelines-trip-indian-travellers-pandemic-hotel-stay-accommodation-safety-masks-rtpcr-test-7407504/,"One of the most favoured international destinations for tourists â€” especially in the pandemic, wherein travelling to foreign countries has slowed and almost stopped â€” Maldives reopened for visitors from India on July 15.It had previously suspended the entry of South Asian travellers, effective May 13, when the second wave was at its peak. Keep in mind, however, that tourists may be accommodated in guesthouses at local islands only after July 30, 2021.Now, after almost two months, the restrictions have been eased a bit, and tourists will be issued a visa on-arrival.Here are some important things to keep in mind:* In order to be able to visit the island country, you must be able to show a confirmation of your hotel reservation at the airport.* All tourists â€” including those who have received both the doses of their Covid vaccine â€” must produce a negative RT-PCR test report, with samples taken at least 48 hours and at most 72 hours, prior to departure.* In addition, you will also need to submit an online health declaration form on the Maldives immigration portal 24 hours before your arrival.* Right now, Indian tourists are not allowed to visit Greater Male, because of its dense local population.* They can, however, split their stay between hotels. But, it is mandatory that the facilities meet government guidelines and have approvals from the Ministry of Tourism in Maldives. Additionally, tourists are required to inform the facilities about their plans to spend a few days at another resort.* While visitors are not required to quarantine on arrival, if they â€” or a person in their group â€” show Covid symptoms, they will have to take an RT-PCR test and quarantine at a resort or a transit facility until the reports arrive. The cost of the accommodation may have to be borne by them.* Those travelling to Maldives from India can be tourists, Maldives nationals, expatriates and their dependents holding a work permit. And those who travel from Maldives back to India must be Indian nationals, and those with OCI (Overseas Citizen of India) cardholders holding Maldivian passports. This category also includes foreigners (including diplomats) who hold a valid visa issued by an Indian Mission under the Ministry of Home Affairs (MHA).* Keep in mind that after you enter India from your stay in the Maldives, you will have to present another negative RT-PCR test certificate. Make sure you inform the property where you stay, so the management can arrange for it before your check-out.* Carry a mask and wear it in public at all times. Also download the Maldives contact tracing app, TraceEkee, before your travel.Good luck!For more lifestyle news, follow us: Twitter:Â lifestyle_ieÂ |Â Facebook:Â IE LifestyleÂ | Instagram:Â ie_lifestyle"
1,"â€˜Invisible Brown Manâ€™: A painfully-real, funny take on Hollywoodâ€™s problem with tokenism
 July 16, 2021  12:32:31 pmPeppered with humour, the short -- written by Pritesh Shah and Dennis Fallon -- begins to decry Hollywood's fallacies from the outset. It screened at Yellowstone International Film Festival earlier this month",https://indianexpress.com/wp-content/plugins/lazy-load/images/1x1.trans.gif,https://indianexpress.com/article/lifestyle/art-and-culture/invisible-brown-man-a-painfully-real-funny-take-on-hollywoods-ancient-problem-with-tokenism-7405084/,"For some time now, Hollywoodâ€™s tokenism, blatant disregard for representation, sometimes culture appropriation, misrepresentation and whitewashing has made news around the world. It is almost like it has been going through an identity crisis, a very public one, aware of a hankering for inclusivity, but too lazy to do anything about it.So, while filmmakers continue to project their aspirations â€” cast in the imagery of multicultural films â€” the reality remains a far cry.Remember when Priyanka Chopra Jonas was called a â€˜global scam artistâ€™ for â€˜trickingâ€™ a naive white man into marrying her just so she could forge ahead and bolster her career in Hollywood? When Chopra married singer-songwriter Nick Jonas in 2018, she was already an A-lister in Bollywood. But while trying to find a footing in the West, she had to face rejections, some purely on account of her skin colour.In one of her interviews, she had shared that she had once lost out on a Hollywood role because she is a woman of colour. â€œI was out for a movie, and somebody [from the studio] called one of my agents and said, â€˜Sheâ€™s the wrong â€” what word did they use? â€” â€˜physicalityâ€™. So in my defense as an actor, Iâ€™m like, â€˜Do I need to be skinnier? Do I need to get in shape? Do I need to have abs?â€™ Like, what does â€˜wrong physicalityâ€™ mean? And then my agent broke it down for me. Like, â€˜I think, Priy, they meant that they wanted someone whoâ€™s not brown.â€™ It affected me,â€ she was quoted as telling InStyle magazine.And that brings us to the Invisible Brown Man, which packs many problematic themes into a 13-minute film. It screened at Yellowstone International Film Festival earlier this month.Peppered with humour, the short â€” written by Pritesh Shah and Dennis Fallon â€” begins to decry Hollywoodâ€™s fallacies from the outset. Shahâ€™s Tejas Desai is the eponymous brown man who, at 30, has given one too many auditions, without any conclusive breakthrough.It is almost as if Tejas is acutely aware that he only gets a few minutes to tell his story. So he breaks the fourth wall often, and reminds viewers that he is not Dev Patel, because Hollywood, he alleges, can only ever reserve a seat for one brown actor, and everyone else is a â€œrip-offâ€, desperately waiting for their moment to shine.In one of the scenes, as he auditions for the role of a doctor, he is asked by the casting agent to â€œdig into [his] heritageâ€, â€œcall on [his] pastâ€, and â€œdive deep into the suffering of [his] upbringingâ€.â€œYou mean, do an Indian accent?!â€ he asks, to which the agent asks him to imagine like he has â€œgone homeâ€, assuming he is from India, and alluding to the â€˜painâ€™ and â€˜sufferingâ€™ that first world countries associate with the Indian subcontinent.But Tejas grew up in San Diego â€” an information that is of little importance to casting directors and agents.Tokenism, he says, is so pervasive that â€œevery time a person of colour gets cast in a role, Hollywood acts like it cured cancerâ€.â€œ#OscarsSoWhiteâ€ has been mentioned a couple of times in the film, mainly from the context of having a seemingly progressive outlook towards casting brown actors â€” or actors of colour â€” but going ahead with a white person, anyway. Or type casting and parodying a brown person. The hashtag â€” often used to call out the lack of diversity in nominations for the Academy Awards, or the Oscars â€” is believed to have been first tweeted by activist April Reign in 2015. In 2016, it had a revival of sorts, when the Academy announced acting nominations, and it exclusively comprised white actors.While some portions of the film feel particularly embroidered â€” like Tejasâ€™ very awkward lunch rendezvous with his Dilli-waliÂ negotiating family â€” the film does a sincere job of pulling a constant thread of holding an industry accountable for not being diverse enough, and not utilising a crop of talented actors.Directed by Roxy Shih, the short ends on an uplifting note, making it a must-watch; especially since it is pulled from real experiences of many aspiring South Asian actors.For more lifestyle news, follow us: Twitter:Â lifestyle_ieÂ |Â Facebook:Â IE LifestyleÂ | Instagram:Â ie_lifestyle"
2,"Michelangelo-inspired cardboard bridge floats above Romeâ€™s Tiber river
July 16, 2021 12:00:03 pmThe installation will remain in place until July 18. The cardboard will then be recycled.",https://indianexpress.com/wp-content/plugins/lazy-load/images/1x1.trans.gif,https://indianexpress.com/article/lifestyle/art-and-culture/michelangelo-inspired-cardboard-bridge-floats-above-romes-tiber-river-7406413/,"An illuminated 18-metre long cardboard bridge suspended by three large white helium balloons is floating above Romeâ€™s Tiber river, bringing to life a project imagined but never realised by Michelangelo.Pope Paul III commissioned the artist to create a bridge connecting the Palazzo Farnese, a 16th Century family palace that now hosts the French embassy to Italy, with the gardens of a villa on the other side of the river.It was never completed after Michelangeloâ€™s death, but the â€œFarnese Bridgeâ€ installation by French artist Olivier Grossetete is a tribute to the Renaissance master.The French embassy was among the promoters of the initiative, which culminated in an inauguration on the eve of Franceâ€™s Bastille Day national celebration.French ambassador Christian Masset said in a statement the bridge was a sign that Italy and France were intrinsically connected and their friendship was strong and unbreakable.The installation will remain in place until July 18. The cardboard will then be recycled."
3,"How about delicious Mexican burrito for brunch today?
July 16, 2021 11:30:54 amâ€œThis burrito is lip-smackingly good!â€ chef Sanjeev Kapoor wrote on Instagram",https://indianexpress.com/wp-content/plugins/lazy-load/images/1x1.trans.gif,https://indianexpress.com/article/lifestyle/food-wine/chef-sanjeev-kapoor-shares-easy-recipe-of-famous-mexican-burrito-7368529/,"Mexico is known for its lip-smacking cuisine that also reflects the colourful, rich and festive culture of the country. Mexican food has many similarities with Indian food â€” it is hot, wholesome and there is a feast of flavours for every food lover. Other than that, like Indian cuisine, Mexican cuisine is also not just one single cuisine, but there is a variety.Burrito is one of the most famous and everyoneâ€™s favourite Mexican meal stuffed with savoury deliciousness.Celebrity chef Sanjeev Kapoor recently shared an easy recipe for making a summer vegetable burrito. â€œThis burrito is lip-smackingly good!â€ he wrote in his Instagram post.Â Â A post shared by Sanjeev Kapoor (@sanjeevkapoor)Check out the recipe:Ingredients4 no â€“ Refined flour tortillas
1 cup â€“ Mozzarella cheese, grated
Â¼ cup â€“ Summer vegetable mix
1 cup â€“ Mexican rice
8 tbsp â€“ Refried beans
1 cup â€“ Pico De Gallo
Â½ cup â€“ Sour cream
Roasted tomato salsa
Mango crumbled cheese saladMethod* Take a hot tawa. Warm the tortillas on it and brush butter on them.
* Spread some Mexican rice on it and then add grated mozzarella, refried beans, summer vegetable mix, Pico De Gallo, and sour cream on each of them.
* Bring the sides of each tortilla toward the center of the filling. Fold the bottom of the tortilla up over the filling and continue to roll until it becomes a tight cylinder.
* Serve immediately with roasted tomato salsa and mango crumbled cheese salad.When are you trying this recipe?For more lifestyle news, follow us: Twitter:Â lifestyle_ieÂ |Â Facebook:Â IE LifestyleÂ | Instagram:Â ie_lifestyle"
4,"This monsoon, say goodbye to cold and cough with Bhagyashreeâ€™s immunity tip
July 16, 2021 10:50:13 amEnjoy the rains but at the same time, don't let your immunity levels drop down. Actor Bhagyashree shares a simple home remedy that she swears by",https://indianexpress.com/wp-content/plugins/lazy-load/images/1x1.trans.gif,https://indianexpress.com/article/lifestyle/health/bhagyashree-tuesday-tip-monsoon-rains-immunity-home-remedy-ginger-tulsi-benefits-7403795/,"After a long wait, the monsoon has finally arrived. And if you have been wanting to enjoy the rains but are worried about catching seasonal illnesses like cold and cough amid a pandemic, it is time level up four immunity. While a nutritious diet and regular exercise helps, you can also try some simple home remedies to keep seasonal issues at bay.Actor Bhagyashree, a mother to two, recently shared a simple home remedy as part of her #TuesdayTip series that she swears by for her children whenever they are out in the seasonal showers.â€œMonsoon is the season of fun and frolic, splashing in the puddles and getting soaking wet. Donâ€™t restrict your children from making these childhood memories. Just give them a strong immunity to combat the monsoon cold and cough,â€ the 51-year-old said.Â Â A post shared by Bhagyashree (@bhagyashree.online)Stressing that having vitamin C on a regular basis, and just not after one gets a cold, increases immunity, she shared that she uses kitchen ingredients to make a quick remedy.â€œIn addition to that, I give my children, a mixture of 5 tulsi leaves, a thumbnail of ginger, and Â½ teaspoon of honey. Adding two freshly crushed peppercorns is even better,â€ she shared.When to take it?â€œTo be taken twice a day,â€ she recommended.Know the benefitsIt is said that, individually, all these ingredients have anti-inflammatory and anti-bacterial properties. When they are combined together, the mixture is replete with antibacterial, anti-inflammatory, and antioxidant properties that are known to provide relief seasonal infections, prevent seasonal diseases and strengthen the digestive system too.The mixture also helps provide relief for sore throat and runny nose.For more lifestyle news, follow us: Twitter:Â lifestyle_ieÂ |Â Facebook:Â IE LifestyleÂ | Instagram:Â ie_lifestyle"
5,"Weight loss: Seven ways to â€˜melt belly fat naturallyâ€™ as per Ayurveda
July 16, 2021 10:00:28 amAyurvedic practitioner Dr Shyam VL shares seven tips that can help lose belly fat over time",https://indianexpress.com/wp-content/plugins/lazy-load/images/1x1.trans.gif,https://indianexpress.com/article/lifestyle/health/weight-loss-belly-fat-ayurveda-easy-tips-7401089/,"For many, losing weight may not be the real problem â€” it is in fact the stubborn belly fat or the fat around the abdomen that they struggle with. While genetic factors may play a role, belly fat can also be controlled with a few lifestyle tweaks, suggested ayurvedic practitioner Dr Shyam VL.According to him, one should look to â€˜melt the belly fat away naturallyâ€™ with some effective, easy-to-follow Ayurvedic tips. â€œBelly fat might look stubborn but with right diet and exercise, you can melt fat easily. Get guidance from an Ayurvedic doctor to help you work with a detailed plan,â€ he mentioned.Â Â A post shared by Dr Shyam VL BAMS, MD, MPhil (@drshyamayurveda)Hereâ€™s what you should keep in mindâ€œEat 50 per cent of your daily calories at lunch as your digestive power is the strongest at that time. Eat the least number of calories at dinner, which should be before 7pm,â€ he said.*Reduce consumption of refined carbohydrates; stay away from sweets, sweetened drinks, and foods rich in oil.Count on these simple tips*Consume fine powder of roasted fenugreek seeds with water in the morning on an empty stomach or you can soak fenugreek seeds overnight and consume them in the morning on an empty stomach*According to Dr Shyam, garcinia cambogia fruit enhances taste, improves digestion and boosts metabolism which helps lose weight.*Triphala helps eliminate toxins from the body and rejuvenates the digestive system.How to use? Take a teaspoon of triphala powder with warm water two hours post-dinner.*Dry ginger powder contains thermogenic agents that are useful to burn fat. Regular consumption of water boiled with dried ginger powder may actually help in boosting your metabolism and burning off the excess fat. You can also add ginger to your daily diet to aid weight loss.*Brisk walking by holding the core of your tummy for 30 minutes is an effective method for burning belly fat, said Dr Shyam. Yoga and Pilates also help burn belly weight.*Whenever you are thirsty, drink warm water. Warm water activates your metabolism and aids in weight loss.*Take time to chew food. â€œCarbohydrate digestion starts in the mouth whilst mixing with saliva. Chewing helps break down food in the mouth before it travels to the rest of the digestive tract. It also activates the satiety hormone alerting when the stomach is full,â€ he said.For more lifestyle news, follow us: Twitter:Â lifestyle_ieÂ |Â Facebook:Â IE LifestyleÂ | Instagram:Â ie_lifestyle"
6,"Should you take a walk right after a meal? Hereâ€™s what experts say
July 16, 2021 9:10:53 amActor Sonnalli Seygall, who regularly shares engaging videos busting some common myths around fitness, also took to Instagram to talk about the same",https://indianexpress.com/wp-content/plugins/lazy-load/images/1x1.trans.gif,https://indianexpress.com/article/lifestyle/fitness/sonnalli-seygall-walking-digestion-issue-post-meals-fitness-myth-7405728/,"Many of us take a walk right after a meal to digest the food and burn the calories. But, according to experts, it may not be the best practice as doing so impacts the digestion process.Yoga trainer Priyamvada Mangal suggests that one should refrain from walking right after meals as it diverts the energy from the process of digestion. â€œSitting in Vajrasana is recommended. One should only relax, or not do anything that consumes a lot of energy which is otherwise needed to digest food. And even when walking, it should be really slow, or a stroll, but not immediately after meals,â€ she said.Taking to Instagram, actor Sonnalli Seygall who regularly shares engaging videos busting some common myths around fitness, also said that walking right after a meal is not a great idea.â€œFor years weâ€™ve heard that walking immediately after your meals helps you in keeping your weight in check and aids in digestion. Wrong. Indulging in movement post your meals will only slow your digestion processes by diverting your blood flow away from the digestive system hence leading to acid reflux, stomach upset etc,â€ she mentioned.Â Â A post shared by Sonnalli Seygall (Sonali) (@sonnalliseygall)Then what should you be doing?â€œInstead, sit still, preferably in Vajrasana or thunderbolt pose. â€œEven lying down on your left side helps in digestion. Go on, rest it out after eating and take that walk much later when the food is well digested in your tummy,â€ added Seygall.Is it so?According to medicalnewstoday.com, a person should consider the length, intensity, and timing of their post-meal walk. As per the website, gentle walking after a meal has various health benefits but high-intensity exercise is not recommended as the process of digestion starts in the mouth as soon as a person starts eating, and can continue for hours afterward. It states that intense, strenuous exercise can cause digestive distress.The Center for Disease Control or CDC recommends 30 minutes of walking anytime of the day. So, instead of opting for brisk walk, one can take a stroll post-meal or opt for a brisk walk in the morning or evenings rather than right after a meal. â€œWalking after a meal can help promote better sleep. Still, it is a good idea to talk to a doctor or a fitness expert before walking post meals,â€ said Dr Jinendra Jain, consultant physician, Wockhardt Hospital, Mira Road.Whatâ€™s your opinion?For more lifestyle news, follow us: Twitter:Â lifestyle_ieÂ |Â Facebook:Â IE LifestyleÂ | Instagram:Â ie_lifestyle"
7,"â€˜If you want credit for the good, take responsibility for the badâ€™: Tim Cook
July 16, 2021 8:20:15 am""Always remember that you canâ€™t take it with you. Youâ€™re going to have to pass it on,"" Tim Cook said.",https://indianexpress.com/wp-content/plugins/lazy-load/images/1x1.trans.gif,https://indianexpress.com/article/lifestyle/life-positive/if-you-want-credit-for-the-good-take-responsibility-for-the-bad-tim-cook-7406384/,"Speaking at Stanford University in 2019, entrepreneur Tim Cook gave a heartfelt speech. He touched upon various aspects of personal growth while pointing to the blind spots we tend to gather with age. â€œIf you want credit for the good, take responsibility for the bad,â€ he said.He went on say, [W]hatever you do with your life, be a builder. You donâ€™t have to start from scratch to build something monumental. And, conversely, the best founders â€“ the ones whose creations last and whose reputations grow rather than shrink with passing time â€“ they spend most of their time building, piece by piece.â€â€œBuilders are comfortable in the belief that their lifeâ€™s work will one day be bigger than them â€“ bigger than any one person. Theyâ€™re mindful that its effects will span generations. Thatâ€™s not an accident. In a way, itâ€™s the whole point,â€ Cook continued.â€œDonâ€™t get distracted. There are too many people who want credit without responsibility. Too many who show up for the ribbon cutting without building anything worth a damn. Be different. Leave something worthy,â€ he said, before adding the concluding words: â€œAnd always remember that you canâ€™t take it with you. Youâ€™re going to have to pass it on.â€"
8,"What pairs with beetle? Startups seek to make bugs tasty
July 15, 2021 10:30:31 pmAround the world, 2 billion people in 130 countries eat insects regularly. The global edible insect market is poised to boom, according to investment bank Barclay's, citing data from Meticulous Research that forecasts it will grow from less than USD 1 billion in 2019 to USD 8 billion by 2030.",https://indianexpress.com/wp-content/plugins/lazy-load/images/1x1.trans.gif,https://indianexpress.com/article/lifestyle/food-wine/what-pairs-with-beetle-startups-seek-to-make-bugs-tasty-7406046/,"Tiziana Di Costanzo makes pizza dough from scratch, mixing together flour, yeast, a pinch of salt, a dash of olive oil and something a bit more unusual â€“ ground acheta domesticus, better known as cricket powder.Di Costanzo is an edible insect entrepreneur who holds cricket and mealworm cooking classes at her West London home, where she also raises the critters in a backyard shed with her husband, Tom.Her startup, Horizon Insects, is part of Europeâ€™s nascent edible insect scene, which features dozens of bug-based businesses offering cricket chips in the Czech Republic, bug burgers in Germany and Belgian beetle beer. The European Union headquarters in Brussels is also backing research into insect-based proteins as part of a broader sustainable food strategy.As the Earthâ€™s growing population puts more pressure on global food production, insects are increasingly seen as a viable food source. Experts say theyâ€™re rich in protein, yet can be raised much more sustainably than beef or pork.Around the world, 2 billion people in 130 countries eat insects regularly. The global edible insect market is poised to boom, according to investment bank Barclayâ€™s, citing data from Meticulous Research that forecasts it will grow from less than USD 1 billion in 2019 to USD 8 billion by 2030.But despite all the European startups working to make insects appetizing, donâ€™t expect them to start appearing at mainstream restaurants or on dinner tables just yet. One big reason is a strong cultural â€œyuckâ€ factor in Western countries that Arnold van Huis, a professor of tropical entomologist at Wageningen University in the Netherlands, says will be hard to change.â€œItâ€™s very difficult to turn peopleâ€™s minds around but insects are absolutely safe to eat, maybe even more nutritious than meat products,â€ with the only risk coming from allergies, because insects are closely related to crustaceans like shrimp, van Huis said.Instead, humans may end up eating more insects indirectly because the market that shows the most promise is for feeding animals. The EU approved insect protein as feed for fish farming in 2017. The US Food and Drug Administration approved it for chicken feed in 2018, while EU approval for poultry and pigs is due later this year.Regulatory change has also made things easier for European companies looking to market insects directly to consumers. The EU didnâ€™t previously govern edible insects because they werenâ€™t considered food, leaving individual countries to impose their own rules. To bring rules in line across countries, the EU in 2018 launched a directive that covers insects but requires approvals for individual species, paving the way for a wave of authorizations.European production of insect-based food products is forecast to mushroom from from 500 metric tons currently to 260,000 metric tons by 2030, according to the International Platform of Insects for Food and Feed, a Brussels-based lobby group.Insects require a tenth of the land, account for a fraction of greenhouse gas or ammonia emissions and need much less water than cattle or pigs, van Huis said.The first approval came earlier this year for Tenebrio molitor larva, or dried yellow mealworm, after an application from French insect farm Micronutris. The EU Commissionâ€™s food safety regulators said in a scientific opinion that mealworms are safe to eat, though they warned of possible reactions in people allergic to crustaceans or dust mites.Regulators issued another positive opinion this month for grasshoppers, based on an application from Protix, a Netherlands-based insect farming company.â€œOur vision is that insects will go from niche to normal,â€ said Protix CEO Kees Aarts, who predicted an â€˜explosion of food applicationsâ€™ to EU regulators.At Protixâ€™s state-of-the-art vertical farm in Bergen op Zoom, green plastic crates stacked in towering columns are filled with wriggling black soldier fly larvae.The high-tech facility turns the larvae into protein meal and oil for use in fish feed and pet food. The company also has a line of bug-based snacks and ingredients like cinnamon mealworms and cricket protein falafel mix and, after getting final approval, plans to market frozen, dried or powdered grasshoppers as an ingredient for breakfast cereals, pasta, baked goods, sauces and imitation meat.In London, Di Costanzoâ€™s Horizon Insects is developing an insect-based cooking ingredient after discovering that there wasnâ€™t much of a local market for the fresh edible mealworms they were selling.Di Costanzo says the cricket powder she uses in her pizza gives it â€œa very nice, meaty, healthy tasteâ€™ while boosting the nutritional content with protein, macronutrients and omega acids. Mealworm burgers, meanwhile, are â€˜tasty and very easy to make,â€™ and powdered mealworms have a mild taste that allows them to be incorporated into cakes, bread and pasta.â€œDefinitely, I think the future is products made with insects rather than the actual insect,â€ said Di Costanzo, who also bemoaned post-Brexit government red tape thatâ€™s leaving small U.K. edible insect entrepreneurs in limbo.Antoine Hubert, CEO of Franceâ€™s Ynsect, says the most lucrative opportunity will come from the sports and health nutrition markets for its mealworm-based protein powder. The company also makes insect protein for fish feed that Hubert said helps farmed salmon grow bigger and faster while reducing the need for fishmeal â€“ smaller fish caught in huge quantities â€“ which helps improve the oceanâ€™s biodiversity.Investors including Hollywood star Robert Downey Jr.â€™s FootPrint Coalition were among the backers contributing to Ynsectâ€™s latest round of funding worth USD 224 million. The money will fund a vertical farm north of Paris that it says will be one of the worldâ€™s biggest when itâ€™s completed next year, capable of producing 100,000 tons year of commercial mealworm products, as well as expansion in North America, where it plans to build another farm in the US and apply for FDA approval for its food products.Downey Jr. has been promoting the benefits of mealworm powder, supplying a tub of it to talk show host Stephen Colbert.â€œI could put this in a smoothie or something?â€ Colbert asked.â€œYouâ€™ll be making all kinds of stuff out of it,â€ Downey Jr replied."
9,"Toofaan promotions: Mrunal Thakur ditches drama for basics
July 15, 2021 9:40:54 pmFrom a jumpsuit to a flowy dress, Mrunal Thakur aces it all!",https://indianexpress.com/wp-content/plugins/lazy-load/images/1x1.trans.gif,https://indianexpress.com/article/lifestyle/fashion/toofaan-promotions-mrunal-thakur-photos-7405947/,"Farhan Akhtar and Mrunal Thakur-starrer Toofaan is all set to release on OTT and the leading actors are busy promoting the film.As such, Mrunal has been seen in multiple outfits of late, and while they might not be groundbreaking, the looks do work.Styled by Tanya Ghavri, she was most recently spotted in a jumpsuit from the label EsseÌ. The forest green zip-up boiler suit was accessorised with what the brand describes as a â€œumber textured leather beltâ€.Â Â A post shared by esseÌ | â ‘â â â ‘ (@esseclothing)Â Â A post shared by esseÌ | â ‘â â â ‘ (@esseclothing)The look was pulled together with hair tied in a high knot and filled-in eyebrows. While the look is all edgy, we feel that it had a lot more potential to be a standout look. A winged eyeliner, perhaps, could have added some drama.Â Â A post shared by Tanya Ghavri (@tanghavri)In the second look, she was spotted in a black and pink dress from the label alice + olivia by StaceyBendet. This was cinched with a black waist belt and we loved the cute hairdo.Check out the pictures here.Â Â A post shared by Tanya Ghavri (@tanghavri)In the third instance, she was spotted in a monochrome look as she stepped out in a white chic top from the label ORSEUNDIRIS teamed with black pants with flared bottom from Camilla And Marc. Much like her previous looks, this was pulled together with hair parted at the centre and dewy make-up.Check out the pictures here.Â Â A post shared by Tanya Ghavri (@tanghavri)What do you think of her looks?"
10,"Chef shares simple tips and tricks to make potatoes last longer
July 15, 2021 8:50:19 pm""If you know how to store them properly, they'll stay fresh for weeks, or possibly even months, longer,"" the chef shared",https://indianexpress.com/wp-content/plugins/lazy-load/images/1x1.trans.gif,https://indianexpress.com/article/lifestyle/food-wine/how-to-make-potatoes-last-longer-chef-shares-simple-tips-7406266/,"Potatoes are one of the most common ingredients in any household. But when stored for long, they lose some amount of freshness and gradually begin to sprout as well.Turns out, you need to take some simple measures to store potatoes for long. Chef Kunal Kapur shared some tips and tricks in an Instagram post.â€œDid you know that potatoes can last longer than any other fruits and vegetables? But eventually, they start to sprout green shoots and lose some of their freshness and flavour. If you know how to store them properly, theyâ€™ll stay fresh for weeks, or possibly even months, longer,â€ he wrote.Hereâ€™s what the chef suggested:Â Â A post shared by Kunal Kapur (@chefkunal)*Store potatoes in a cool, well-ventilated place.
*Colder temperatures such as in the refrigerator, cause a potatoâ€™s starch to convert to sugar, resulting in a sweet taste and discolouration when cooked.
*Avoid areas that reach high temperatures or receive too much sunlight. Always in a cool dark place away from dirt sunlight.*Perforated plastic bags and paper bags offer the best environment for extending shelf-life.
*Donâ€™t wash potatoes before storing. Dampness promotes early spoilage.
*Green on the skin of a potato is the build-up of a chemical called Solanine. It is a natural reaction to the potato being exposed to too much light.
*Solanine produces a bitter taste and if eaten in large quantity can cause illness.
*If there is slight greening, cut away the green portions of the potato skin before cooking and eating.
*Sprouts are a sign that the potato is trying to grow. Storing potatoes in a cool, dry, dark location that is well ventilated will reduce sprouting.
*Cut the sprouts away before cooking or eating the potato.How about trying these the next time you buy potatoes?"
11,"Cannes 2021 red carpet: Sharon Stone makes heads turn in a Dolce & Gabbana tulle gown
July 15, 2021 8:00:57 pmThe actor was spotted in an elaborate outfit from Dolce and Gabbana -- a cold blue tulle gown that had flowers stitched on it",https://indianexpress.com/wp-content/plugins/lazy-load/images/1x1.trans.gif,https://indianexpress.com/article/lifestyle/fashion/cannes-2021-sharon-stone-makes-a-sweeping-statement-in-a-tulle-dolce-gabbana-gown-7405765/,"The ongoing Cannes Film Festival has been a fashion extravaganza. Several red carpet looks will undoubtedly go down as major fashion highlights of the season. But well, it is not over yet. And Sharon Stone, a Cannes veteran, returned this year and â€” as always â€” made a stunning statement.The actor was spotted in an elaborate outfit from Dolce and Gabbana. The cold blue tulle gown had flowers stitched on it and made for gorgeous sight.Â  The off-shoulder Dolce & Gabbana Autumn/Winter 2020 Couture gown stole the show, uniting fans and critics in their approval of her look.Â Â A post shared by Sharon Stone (@sharonstone)Â Â A post shared by Sharon Stone (@sharonstone)For make-up, she focused on the eyes and it added a lot of drama to the whole look. She accessorised it with stunning earrings, which complemented the outfit really well.For years, Stone was one of the vocal ambassadors of amfAR in Cannes. The gala, which coincides with the end of the festival, provides a platform where people come together and support issues like HIV prevention, AIDS research etc. The non-profit organisation has emerged as a major draw for celebrities and for years, Stone would feature as a host. It got discontinued in 2014 but the Basic Instinct actor is back after a gap of seven years.People on Twitter just cannot have enough of this look.sharon stone at #cannes today. she is the moment. pic.twitter.com/QHeQboId23â€” sarahâ€™s pr (@sarahpaulsbean) July 14, 2021Wow! The most beautiful dress at Cannes, bravo Sharon Stone! pic.twitter.com/zHLxpWq6lcâ€” Sidonie Sawyer (@sidoniesawyer) July 14, 2021This Dolce Alta Moda (I think) moment. AT CANNES. Sharon Stone does and always will do have her stiletto at our throats. pic.twitter.com/vOenDncaHqâ€” I am Hunky Dory (@malachyrua) July 14, 2021What do you think of her look?"
12,"Following tuna sandwich controversy, Subway CEO says it is one of his favourites
July 15, 2021 7:10:46 pmSubway CEO John Chidsey that the company was ""very proud of our tuna""",https://indianexpress.com/wp-content/plugins/lazy-load/images/1x1.trans.gif,https://indianexpress.com/article/lifestyle/food-wine/tuna-sandwich-controversy-subway-ceo-says-it-is-one-of-his-favourites-7406100/,"Following the study that found â€œno amplifiable tuna DNAâ€ in Subwayâ€™s tuna sandwich, the sandwich chainâ€™s CEO has defended its food product in the wake of the controversy.Speaking to CNN, John Chidsey said the company was â€œvery proud of our tunaâ€. The CEO said that the tuna sandwich was, in fact, one of his two favourite items on their menu.Chidsey said that the previous complaint about the presence of tuna DNA was amended in June to state that Subway tuna is â€œ100 per cent tunaâ€. But now it is being questioned what kind of tuna is used.â€œThey question what kind of tuna it is. But they acknowledge it is 100 per cent tuna. Thatâ€™s not the real issue. I say follow the science, and if you follow the science, once tuna is cooked, its DNA becomes denatured, which means when you go to test it, you canâ€™t tell one way or the other,â€ he said.The CEO further revealed that while the company has worked to refresh its menu for the last 15-16 months, tuna was the one sandwich ingredient â€œwe did not touchâ€. â€œWe worked on turkey. We worked on ham. We worked on chicken. We worked on steak. People love our tuna,â€ he was quoted as saying.Subwayâ€™s menu revamp will include changes to more than 20 items like new bread products, smashed avocado and upgrades to ham and turkey, reported Independent."
13,"â€˜Some said Iâ€™m overweight for this exercise formâ€™: Zareen Khan on learning gymnastics
July 15, 2021 6:20:16 pm""Some said I cannot learn it now as Iâ€™ve crossed a certain age limit,"" Zareen Khan wrote on Instagram",https://indianexpress.com/wp-content/plugins/lazy-load/images/1x1.trans.gif,https://indianexpress.com/article/lifestyle/fitness/some-said-im-overweight-zareen-khan-learning-gymnastics-7406030/,"Zareen Khan has never shied away from openly speaking about her body while spreading the message of body positivity through social media posts.In her latest Instagram post, the Hate Story 3 actor shared she has started learning gymnastics but in the process has had to deal with many of those who tried to demotivate owing to her body weight.â€œSome said Iâ€™m overweight for this exercise form/sport, and only people who are thin or of certain weight can do this without injuring themselves,â€ Zareen wrote. Some others told her she could not learn it as she had â€œcrossed a certain age limit.â€ The 34-year-old added, â€œâ€¦because this is something thatâ€™s learnt when you are a kid and your body can be moulded as you grow.â€Some people also cautioned Zareen that she needed to achieve a certain level of fitness before she could take up the art form.Â Â A post shared by Zareen Khan ğŸ¦„ğŸŒˆâœ¨ğŸ‘¼ğŸ» (@zareenkhan)Despite the many naysayers, the actor recently completed her first class in gymnastics. She wrote, â€œâ€¦finally, I said â€˜F**K ITâ€™ to all these demotivating mouths around me and did my first class.â€ alongside a video in which she does a handstand effortlessly. For the uninitiated, a handstand is one of the basic positions in gymnastics, characterised by straight hands, straight legs held together and pointed toes.â€œFeeling happy and proud, looking forward to learning a lot more,â€ she added."
14,"Man sleeps for 300 days a year due to Axis Hypersomnia; know about this rare condition
July 15, 2021 5:30:24 pmAccording to a study published in National Center for Biotechnology Information (NCBI), hypersomnia, a complaint of excessive daytime sleep or sleepiness, affects four to six per cent of the population, with an impact on the everyday life of the patient.",https://indianexpress.com/wp-content/plugins/lazy-load/images/1x1.trans.gif,https://indianexpress.com/article/lifestyle/health/axis-hypersomnia-rajasthan-man-sleeps-300-days-rare-condition-symptoms-causes-prevention-treatment-7405979/,"A man from Rajasthanâ€™s Nagaur district reportedly sleeps for 20-25 days a month, or 300 days a year, due to a rare medical condition called Axis Hypersomnia. Dubbed as a real-life â€˜Kumbhakarnaâ€™ by villagers, Purkharam, 42, a resident of Bhadwa village, is able to operate his grocery shop just five days a month, reported Zee News.According to the report, his condition was diagnosed 23 years ago and has impacted his life in such a way that his family members have to bathe and feed him while he is asleep.Axis Hypersomnia can be described as a chronic neurological sleep disorder that leads to daytime sleepiness and/or long sleep hours (more than 9-10 hours in 24-hours)According to a study published in National Center for Biotechnology Information (NCBI), hypersomnia, a complaint of excessive daytime sleep or sleepiness, affects four to six per cent of the population, with an impact on the everyday life of the patient.CausesYou can encounter this problem due to sleep disorders such as sleep apnea, being obese, drug or alcohol use, a head injury, using certain medications, having depression or there could also be a genetic reason behind it, said Dr Navneet Kaur, general physician, Apollo Spectra Nehru Enclave, Delhi.SymptomsIf you are one who suffers from this condition, you probably struggle to wake up, despite setting multiple alarms and have difficulty getting up from the bed (known as sleep inertia). Such individuals may start the day feeling groggy â€” referred to as sleep drunk â€” and can also experience brain fog, reduced attention span, frustration, irritation, anxiety, and depression, said Dr Pradeep Mahajan, regenerative medicine researcher, StemRx Bioscience Solutions Pvt. Ltd., Mumbai.DiagnosisIf you keep experiencing this problem on a regular basis, it is advised to consult a doctor. â€œThe doctor will monitor your sleeping habits and ask questions like, when do you wake up, do you tend to fall asleep during the day, do you have emotional problems etc. Following this, the expert will advise blood tests, computed tomography (CT) scans, and a sleep test called polysomnography which is a comprehensive test used to diagnose sleep disorders,â€ said Dr Mahajan.Delaying treatment can also lead to consequences in later life. â€œMake sure that you adhere to a proper sleep routine to stay fresh. Do not take this lightly at all. Do not get bogged down, you will surely be able to manage this condition with timely intervention,â€ said Dr Kaur.Treatment and preventionAccording to Dr Mahajan, the treatment can be based on medications and antidepressants. He added that to prevent this condition, one should stay away from caffeine. â€œDo not consume alcohol just before sleeping as it can interfere with your sleep,â€ he said.For more lifestyle news, follow us: Twitter:Â lifestyle_ieÂ |Â Facebook:Â IE LifestyleÂ | Instagram:Â ie_lifestyle"
15,"Shares in Picasso painting go up for grabs at $6,000 in blockchain sale
July 15, 2021 5:00:29 pmThe 1964 work depicting a beret-capped child in bright colors on canvas was last sold for 21.4 million Swedish krona ($2.48 million) by auction house Uppsala Auktionskammare in 2016.",https://indianexpress.com/wp-content/plugins/lazy-load/images/1x1.trans.gif,https://indianexpress.com/article/lifestyle/art-and-culture/shares-in-picasso-painting-go-up-for-grabs-at-6000-in-blockchain-sale-7406104/,"Connoisseurs of Pablo Picasso will soon be able to own a share in one of his paintings for less than $6,000 â€“ though that wonâ€™t actually buy them the right to see the work, which will be stored under lock and key in Switzerland.Fillette au bÃ©retÂ is being sold â€“ or â€œtokenisedâ€ â€“ via the blockchain in what Sygnum, the digital asset-focused Swiss bank organising the sale, says is a world first.â€œThis marks the first time the ownership rights in a Picasso, or any artwork, are being broadcast onto the public blockchain by a regulated bank,â€ it and co-organiser Artemundi, an art investment company, said.Subscriptions for the 4 million Swiss franc ($3.68 million) sale are expected to open at the end of July, with tradable shares in the painting available for 5,000 Swiss francs and above.The 1964 work depicting a beret-capped child in bright colors on canvas was last sold for 21.4 million Swedish krona ($2.48 million) by auction house Uppsala Auktionskammare in 2016.It is not the first painting by the notoriously iconoclastic Picasso to rub shoulders with the blockchain.Driven by a surge this year in the market for non-fungible tokens (NFTs), often focused on digital-only artworks and other virtual items , Sothebyâ€™s flagged an NFT-linked sale of Picassoâ€™s â€œLe peintre et son modÃ¨leâ€ in June.The painting sold for 2.25 million pounds ($3.12 million), though plans for the joint sale of an NFT â€“ a one-of-a-kind token that exists on a blockchain â€“ that would link ownership to a digital version were scrapped, the auction house said.Also in June, NFT art market Unique.One opened an auction for an NFT tied to a Picasso print, Fumeur V, which in April had sold at Christieâ€™s for 15,000 pounds.The print â€“ one of 50 of the same work â€“ was first displayed at a gallery in Denver before being burned to create the NFT â€œThe Burned Picassoâ€.However, in the â€œFillette au bÃ©retâ€ sale, the tokens are fungible â€“ or exchangeable â€“ and no Picasso will be burned.But no physical artwork will change hands either, as the painting, while being available for loan to museums and exhibitions, will be stored in a high-security facility, the organisers said."
16,"#DishulWedding: Rahul Vaidya-Disha Parmar complement each other at mehendi ceremony
July 15, 2021 4:40:03 pmThe singer also sang Mehendi laga ke rakhna for his bride -- and the video has now gone viral on social media",https://indianexpress.com/wp-content/plugins/lazy-load/images/1x1.trans.gif,https://indianexpress.com/article/lifestyle/fashion/dishulwedding-rahul-vaidya-and-disha-parmar-pose-happily-for-the-shutterbugs-7406179/,"Disha Parmar and Rahul Vaidya are all set to tie the knot on July 16, and their pre-wedding festivities are in full swing. The couple was recently spotted celebrating the mehendi ceremony with their family members, and needless to say, they looked lovely on the occasion as they happily smiled and posed for the shutterbugs.Disha, who opted for a knee-length fuchsia kurti teamed with beige sharara pants, looked absolutely gorgeous. She further accessorised it with a statement neckpiece and matching earrings.Check out the pictures below:The singer, on the other hand, looked dapper in a mint kurta and pyjama set, as he complemented his better half.The singer also sang Mehendi laga ke rakhna for his bride, and fans could not keep calm as it soon went viral on social media.Â Â A post shared by RAHUL VAIDYA RKV ğŸ’« (@rahulvaidyarkv)Speaking to indianexpress.com earlier, Rahul had said, â€œThe fact of it is that I did propose her on a reality show. However, once it got over, both families met and decided to fix a date. Honestly, there are people who take time, but we are the kind who wanted to get married rather than just go on dating. Both of us are very alike as humans. So why should we delay spending our lives together.â€"
17,"This easy lunch recipe will boost immunity, improve energy levels
July 15, 2021 3:50:02 pmAll you need for this nutritious recipe are three easily available ingredients!",https://indianexpress.com/wp-content/plugins/lazy-load/images/1x1.trans.gif,https://indianexpress.com/article/lifestyle/food-wine/try-this-simple-and-inexpensive-lunch-meal-for-poor-appetite-rujuta-diwekar-7320321/,"Often, many of us tend to feel tired and even experience loss of appetite during the day. But instead of opting to sleep on an empty stomach, one should always have a nutritious meal.According to celebrity nutritionist Rujuta Diwekar, one such meal is curd rice. It not only gives one a sense of satisfaction, it is also a great source of probiotics. â€œConsuming curd rice helps to restore healthy microbial balances which, in turn, helps in better digestion,â€ she pointed out.As itâ€™s high in calcium and good fats, it is a must-have. It also improves the absorption of vitamins and minerals from other foods in your body.Hereâ€™s an easy and inexpensive digestible mixture of pre and pro biotics shared by Diwekar to boost up your energy levels.Â Â A post shared by Rujuta Diwekar (@rujuta.diwekar)IngredientsA bowl of boiled rice
2 tbsp â€“ Curd
Pinch of rock saltMethodÂ Mix the three together. Enjoy.Benefits*Good for the gut
*Improves energy levels
*Boosts immunity
*Improves sleep qualityFor more lifestyle news, follow us: Twitter:Â lifestyle_ieÂ |Â Facebook:Â IE LifestyleÂ | Instagram:Â ie_lifestyle"
18,"Kriti Sanon keeps it bright in a body-hugging hot pink dress (pictures inside)
July 15, 2021 3:00:34 pmWe like how Kriti Sanon usually keeps it simple yet extremely stylish at all times!",https://indianexpress.com/wp-content/plugins/lazy-load/images/1x1.trans.gif,https://indianexpress.com/article/lifestyle/fashion/kriti-sanon-opts-for-a-hot-pink-dress-as-she-steps-out-in-the-city-check-out-the-pictures-7404248/,"Kriti Sanon always steps out in style. As such, the Mimi actor was recently spotted looking stunning in a hot pink short dress as she was clicked by the paparazzi.The body-hugging outfit had slightly puffy sleeves and a wide square neck. The look was pulled together with filled-in eyebrows, a similar shade of lipstick, and hair at the centre. She accessorised it with silver hoop earrings.Check out the pictures here.She paired the outfit with funky stilettos which added a nice pop of colour to the already bright look.Her personal style has always been simple and understated. Here are some instances.Â Â A post shared by Kriti (@kritisanon)Â Â A post shared by Kriti (@kritisanon)Â Â A post shared by Kriti (@kritisanon)Â Â A post shared by Kriti (@kritisanon)Â Â A post shared by Kriti (@kritisanon)Â Â A post shared by Kriti (@kritisanon)In all these looks, we dig how she experimented with fashion while keeping things simple. She lets a bindi or statement earrings elevate the whole look.What do you think of her recent looks?"
19,"Alcohol drinking linked to over 62,000 new cancer cases in India last year: Lancet study
 July 15, 2021  2:47:37 pmAlcohol consumption has been shown to cause DNA damage through increased production of harmful chemicals in the body, and affect hormone production, which can contribute to cancer development, according to the researchers",https://indianexpress.com/wp-content/plugins/lazy-load/images/1x1.trans.gif,https://indianexpress.com/article/lifestyle/health/alcohol-drinking-linked-to-over-62000-new-cancer-cases-in-india-last-year-lancet-study-7406105/,"Alcohol consumption was associated with 62,100 or five per cent of newly diagnosed cancer cases last year in India, according to a study published in The Lancet Oncology journal which shows alcohol use is on the rise in the country.Globally, the researchers found that more than 740,000 or four per cent of new cancer cases in 2020 may be attributed to alcohol drinking.The study estimates that men accounted for 77 per cent (568,700 cases) of alcohol-associated cancer cases, compared with women, who accounted for 23 per cent of cases (172,600).Cancers of the oesophagus, liver, and breast accounted for the largest number of cases.Based on data from previous years, it shows that in 2020, there were more than 6.3 million cases of mouth, pharynx, voice box (larynx), oesophageal, colon, rectum, liver, and breast cancer.These cancers have well-established causal links to alcohol consumption, and the estimates of the direct associations with alcohol in the new study are the first of their kind for 2020.â€œTrends suggest that although there is a decrease in alcohol consumption per person in many European countries, alcohol use is on the rise in Asian countries such as China and India, and in sub-Saharan Africa,â€ said Harriet Rumgay of the International Agency for Research on Cancer (IARC), France.â€œIn addition, there is evidence that the COVID-19 pandemic has increased rates of drinking in some countries,â€ Rumgay said.The researchers call for greater public awareness of the link between alcohol and cancers and increased government interventions to reduce its consumption in worst-affected regions.The study highlights the contribution of even relatively low levels of drinking to rates of cancer, which is concerning, but also suggests that small changes to public drinking behaviour could positively impact future cancer rates.Alcohol consumption has been shown to cause DNA damage through increased production of harmful chemicals in the body, and affect hormone production, which can contribute to cancer development, according to the researchers.Alcohol can also worsen the cancer-causing effects of other substances, such as tobacco, they said.In the new study, researchers established levels of alcohol intake per person per country for 2010, to allow for the time it takes for alcohol intake to affect possible cancer development.They then combined them with new cancer cases in 2020 to estimate the number of alcohol-associated cancers in each country.Moderate drinking was classed as intake of up to two alcoholic drinks, risky drinking as between two and six alcoholic drinks per day, and heavy drinking as more than six alcoholic drinks per day.Globally, an estimated 4 per cent (741,300) of all new cases of cancer in 2020 were associated with alcohol consumption, the researchers said.The study found that risky drinking and heavy drinking led to the largest proportion of cancer cases at 39 per cent (291,800 cases) and 47 per cent (346,400 cases) respectively.However, moderate drinking was also found to be problematic, with estimates that this level of drinking accounted for 14 per cent (103,100 cases) of the total of alcohol-caused cases.Eastern Asia and Central and Eastern Europe regions had the highest proportions of cancer cases that could be associated with alcohol at 6 per cent, with the lowest proportions found in Northern Africa and Western Asia, both below 1 per cent.At a country level, the proportions of cancer cases associated with alcohol were estimated to be highest in Mongolia (10 per cent) and lowest in Kuwait (estimated at 0 per cent).India had an estimated 5 per cent (62,100) of cancer cases linked to alcohol, while China 6 per cent (282,300), Germany 4 per cent (21,500 cases) and France had 5 per cent (20,000 cases).The UK had an estimated 4 per cent of cancer cases linked to alcohol (16,800), with the US at 3 per cent (52,700), and Brazil at 4 per cent (20,500 cases).â€œWe urgently need to raise awareness about the link between alcohol consumption and cancer risk among policy makers and the general public,â€ said Rumgay.The researchers noted that public health strategies, such as reduced alcohol availability, labelling alcohol products with a health warning, and marketing bans could reduce rates of alcohol-driven cancer.Tax and pricing policies that have led to decreased alcohol intake in Europe, including increased excise taxes and minimum unit pricing, could also be implemented in other world regions, they added."
20,"Nutritionist shares simple rule to choose healthy bread
July 15, 2021 2:10:48 pmConfused about which bread to buy? Here's what nutritionist Munmun Ganeriwal suggests",https://indianexpress.com/wp-content/plugins/lazy-load/images/1x1.trans.gif,https://indianexpress.com/article/lifestyle/food-wine/nutritionist-guide-how-to-choose-healthy-bread-whole-grain-benefits-7397229/,"We do not need to tell you about the numerous varieties of bread available these days. But are all of them the same or do they have different nutrition values based on their types â€” multigrain, brown, gluten-free?Sharing simple tips to pick the best bread, nutritionist Munmun Ganeriwal recently took to Instagram and said that one should look for only four ingredients in bread.â€˜Flour, yeast, water, and salt,â€ she shared the simple rule.Where to find it?â€œMostly, not in a grocery store. When you look at the ingredient label on a package of mass-produced bread or those labelled â€˜gluten freeâ€™, â€˜multi-grainâ€™, youâ€™ll see a lot more than few basic ingredients. There is just a lot of junk in these breads, even in the supposed â€œhealthyâ€ stuff. Buy breads from a local bakery and if you can buy from the person who actually baked it (and can tell you how they baked it), thatâ€™s even better!â€ she said.She also shared a picture of Goaâ€™s locally made Poi bread.Â Â A post shared by â€˜Yuktahaarâ€™by Munmun Ganeriwal (@munmun.ganeriwal)According to WebMD, it is important to watch the sodium content in bread.If itâ€™s 100 per cent whole wheat, the first ingredient listed in the ingredient label will be whole-wheat flour or 100 per cent whole-wheat flour, it mentioned.Whole grains are known to be naturally low in fat and cholesterol free; contain protein, and offer loads of healthy fibre, resistant starch, minerals, vitamins, and antioxidants.For more lifestyle news, follow us: Twitter:Â lifestyle_ieÂ |Â Facebook:Â IE LifestyleÂ | Instagram:Â ie_lifestyle"
21,"Shakespeare company opens garden theatre by River Avon
July 15, 2021 1:30:34 pmThe Comedy of Errors had been due to begin performances in April 2020, but the RSC, like theatres across Britain and elsewhere, had to close its doors to live audiences due to the Covid-19 pandemic.",https://indianexpress.com/wp-content/plugins/lazy-load/images/1x1.trans.gif,https://indianexpress.com/article/lifestyle/art-and-culture/shakespeare-company-opens-garden-theatre-by-river-avon-7404772/,"Britainâ€™s Royal Shakespeare Company opened an outdoor theatre with a new version of The Comedy of ErrorsÂ on Tuesday, its first such
full-scale production in front of a live audience in over a year.Based in playwright William Shakespeareâ€™s birthplace of Stratford-upon-Avon, the company, known as the RSC, built the Lydia & Manfred Gorvy Garden Theatre outside its Swan Theatre by the River Avon.The Comedy of Errors had been due to begin performances in April 2020, but the RSC, like theatres across Britain and elsewhere, had to close its doors to live audiences due to the COVID-19 pandemic.The production has now been adapted by director Phillip Breen for the new temporary open-air venue.â€œItâ€™s a beautiful spot here â€¦ right by the river, so we get some heckling from some swans occasionally,â€ actor Greg Haiste, who plays Dromio of Ephesus, said.Under Prime Minister Boris Johnsonâ€™s roadmap out of lockdown, entertainment venues in England have been welcoming audiences back since mid-May though at 50% capacity. From Monday, they will no longer face restrictions on numbers.The RSCâ€™s garden theatre can sit 500 people â€“ or 310 with social distancing.â€œI felt there were two really powerful reasons to build this theatre, one of which was as a sort of symbol of regeneration â€¦ but also as a transition so that people will feel very comfortable sitting outside in the open air,â€ RSC artistic director Gregory Doran told Reuters.â€œAnd that might then give them more confidence when we open (musical) â€˜The Magicianâ€™s Elephantâ€™ in October in the Royal Shakespeare Theatre to move back indoors.â€œIn Londonâ€™s West End, major productions including hit musicals such as â€œJersey Boysâ€ and â€œThe Lion Kingâ€ have been waiting for July 19 to be able to fully reopen as operating at 50% capacity is not financially viable."
22,"Amy Jackson looks like a princess on Cannes 2021 red carpet; see pics
July 15, 2021 1:00:19 pmAmy Jackson looked every bit gorgeous in an off-shoulder burgundy gown at Cannes 2021",https://indianexpress.com/wp-content/plugins/lazy-load/images/1x1.trans.gif,https://indianexpress.com/article/lifestyle/fashion/amy-jackson-2021-cannes-red-carpet-photos-7405863/,"While Bollywood celebs, who are usually seen at the Cannes Film Festival, have not made it to the event this year, you would be glad to know that 2.0 actor Amy Jackson walked the prestigious red carpet recently.The 29-year-old looked every bit gorgeous in a floor-grazing burgundy off-shoulder gown with a flap added around it, when she appeared for the screening of the film The Story of My Wife.Â Cinched at the waist, the attire accentuated her svelte frame, and she looked like a princess. Amy accessorised the outfit with a heavy diamond necklace and a pair of earrings from Chopard.She wore minimal makeup with a matching lip shade and sported middle-parted hair tied into a ponytail.Overall, the actorâ€™s look was quite balanced and elegant.Prior to her red carpet appearance, she also shared a series of Instagram stories in which she was seen getting ready for the event.Do you like Amyâ€™s red carpet look?For more lifestyle news, follow us: Twitter:Â lifestyle_ieÂ |Â Facebook:Â IE LifestyleÂ | Instagram: ie_lifestyle"
23,"Ayansh requires the worldâ€™s costliest SMA Drug (Rs 16 Crore); without this his chances to survive are bleakÂ 
July 15, 2021 12:33:29 pmI sat with my little 1-year-old Ayansh in my arms and tears began to fall from my eyes. Tears of fear and anguish... tears of helplessness and guilt. We are need of urgent donations to save my child.",https://indianexpress.com/wp-content/plugins/lazy-load/images/1x1.trans.gif,https://indianexpress.com/article/lifestyle/sponsored-lifestyle/ayansh-requires-the-worlds-costliest-sma-drug-rs-16-crore-without-this-his-chances-to-survive-are-bleak-7405856/,"My little Ayansh is suffering and his disorder is one whose only cure is a drug worth {(160000000)}.Drained out from the dayâ€™s happenings, I lay Ayansh on the bed to sleep and took a long and hard look at my baby, for I knew, any day could be his last day.DONATE NOWHis extremely rare & deadly disorder is so devastating that if my husband and I donâ€™t come up with the money for its cure, weâ€™ll lose him forever.The disorder Ayansh is suffering from is called Spinal Muscular Atrophy (SMA), this leads to loss of nerve cells and muscle growth and normally affects 1 in every 10,000 babies.For us, this is a soul-defeating piece of news as the only cure for it is a drug named Zolgensma which can only be imported from the U.S.DONATE NOWAyanshâ€™s serious condition came to light when I found out that he wasnâ€™t able to move or do any activity kids of his age normally did. At first, I thought it might have just been a learning issue, but as time went on, his development kept deteriorating.He couldnâ€™t perform the smallest of activities; from swallowing milk to even breathing, every basic life-sustaining action was an impossible task for Ayansh.DONATE NOWDestiny has cursed my son and our family with the worst of ailments, the cure for which will take more than a lifetime for us to afford!We hail fromÂ  lower-middle-class background, my husband works as an employee at TCS and I toil as a housewife. We have less than most families and barely coping up.But arranging an amount as ginormous as {(160000000)} is way out of any working-class manâ€™s league, let alone our already struggling family.DONATE NOWâ€œAyanshâ€™s state is extremely fragile. If he doesnâ€™t get the drug soon, Iâ€™m afraid he wonâ€™t be able to survive the diseaseâ€ â€“ These were the harsh words of the doctorâ€¦ my little child is yet to see the world and live a life he really deserves. Those words by the doctor broke us down leaving us hopeless.DONATE NOWI urge you with all my heart to donate for Ayansh. We know the amount is huge but it is no way more hefty and precious than my sonâ€™s life! Even if each one of you does your part by helping us and donating, we save Ayanshâ€™s life.Please donate for my son and help give him a chance at life. Every bit done by you all counts. It will be a big help!"
24,"Zika virus in pregnancy: Know about symptoms, causes, prevention, treatment
July 15, 2021 12:30:06 pmSome people infected with the virus may show no symptoms, while others may develop symptoms such as fever, mild rash or body aches. In extreme cases, one can also show persistent headache and eye infection for 2-7 days, said Dr Manjeeta Nath Das",https://indianexpress.com/wp-content/plugins/lazy-load/images/1x1.trans.gif,https://indianexpress.com/article/lifestyle/health/zika-virus-pregnancy-symptoms-causes-prevention-treatment-woman-tips-7404526/,"Ever since Kerala reported its first case of Zika virus in a pregnant woman on July 8, a state-wide alert has been issued, and experts have been asked to monitor cases. The Zika virus infection can strike due to the Zika virus (ZIKV), which is a mosquito-borne human flavivirus. It can be transmitted via mainly Aedes mosquitoes, which bite during early mornings or even late evenings.CausesZika virus, unlike dengue and chikungunya, is also transmitted through bodily fluids like blood, and semen, or even organ transplant. â€œIt is also known that vertical transfer from the mother to the baby can happen in pregnancy,â€ said Dr Aruna Muralidhar, senior consultant obstetrician and gynaecologist, Fortis La Femme Hospital, Richmond Road, Bengaluru.According to World Health Organization (WHO), it was first identified in Uganda in 1947 in monkeys. It was later identified in humans in 1952 in Uganda and the United Republic of Tanzania.SymptomsThe incubation period, which is the time between the exposure to the virus and symptoms, can be seen within 3-14 days, as per WHO. Some people infected with the virus may show no symptoms, while others may develop symptoms such as fever, mild rash or body aches. In extreme cases, one can also show persistent headache and eye infection for 2-7 days, mentioned Dr Manjeeta Nath Das, senior consultant, internal medicine, Columbia Asia Hospital, Palam Vihar Gurugram.â€œAbout 80 per cent are asymptomatic. The symptoms are usually mild in the ones who are symptomatic and last for about 2 to 7 days and resolve,â€ noted Dr Aruna.What are the risks in pregnancy?According to experts, if the infection occurs in pregnancy, there is a risk of miscarriage and certain congenital malformations. The most commonly noted foetal defect is microcephaly or a small head, stated Dr Aruna. â€œA combination of microcephaly and certain neurological problems is called congenital Zika syndrome. However, this does not affect every foetus born to a Zika positive mother. It is reported in about 10 per cent cases especially if the Zika infection occurs in the first trimester,â€ she mentioned.According to WHO, an increased risk of neurologic complications is associated with Zika virus infection in adults and children, including Guillain-BarrÃ© syndrome, neuropathy and myelitis.The WHO also states that congenital Zika syndrome includes other malformations including limb contractures, high muscle tone, eye abnormalities, and hearing loss. The risk of congenital malformations following infection in pregnancy remains unknown; an estimated 5â€“15 per cent of infants born to women infected with Zika virus during pregnancy have evidence of Zika-related complications. Congenital malformations occur following both symptomatic and asymptomatic infection.However, as per WHO, â€œResearch is ongoing to investigate the effects of Zika virus infection on pregnancy outcomesâ€, and effects of infection on other neurological disorders in children and adults.TreatmentThere is no vaccine for Zika virus infection. The treatment is usually symptomatic with paracetamol, hydration and rest. Also, avoiding aspirin or any NSAIDs (Nonsteroidal anti-inflammatory drugs or medications that relieve pain) during the infection is recommended.According to WHO, pregnant women living in areas with Zika transmission or who develop symptoms of Zika virus infection should seek medical attention for laboratory testing and other clinical care.PreventionDr Aruna suggested steps to be taken during the Zika outbreak or otherwise to prevent infection*Mosquito repellants which are safe
*All anti-mosquito measures in and around the house including full clothing
*Using barrier contraception if the partner is Zika infected or exposed to Zika.
*Avoiding travel to Zika-affected areas.You can also use mosquito nets and door screens to keep mosquitoes out of the house. Ensure that there are no objects and materials around your home that could become a breeding ground for Aedes mosquitoes during the rainy season, said Dr Rajesh Kumar, internal medicine, Paras Hospitals Gurugram.Dr Surabhi Siddhartha, consultant obstetrician and gynaecologist, Motherhood Hospital Kharghar also mentioned some simple measures to take.â€œTo prevent it, just donâ€™t allow water to stagnate near the house and prevent mosquito breeding, do fogging from time to time, wear full-sleeved clothes and use mosquito repellents. Like any other viral infection, treatment is symptomatic. So, prevention is better than cure in this infection,â€ Dr Surabhi said.For more lifestyle news, follow us: Twitter:Â lifestyle_ieÂ |Â Facebook:Â IE LifestyleÂ | Instagram:Â ie_lifestyle"
